[{"pk": 4, "model": "auth.permission", "fields": {"codename": "add_group", "name": "Can add group", "content_type": 12}}, {"pk": 10, "model": "auth.permission", "fields": {"codename": "add_message", "name": "Can add message", "content_type": 14}}, {"pk": 1, "model": "auth.permission", "fields": {"codename": "add_permission", "name": "Can add permission", "content_type": 11}}, {"pk": 7, "model": "auth.permission", "fields": {"codename": "add_user", "name": "Can add user", "content_type": 13}}, {"pk": 5, "model": "auth.permission", "fields": {"codename": "change_group", "name": "Can change group", "content_type": 12}}, {"pk": 11, "model": "auth.permission", "fields": {"codename": "change_message", "name": "Can change message", "content_type": 14}}, {"pk": 2, "model": "auth.permission", "fields": {"codename": "change_permission", "name": "Can change permission", "content_type": 11}}, {"pk": 8, "model": "auth.permission", "fields": {"codename": "change_user", "name": "Can change user", "content_type": 13}}, {"pk": 6, "model": "auth.permission", "fields": {"codename": "delete_group", "name": "Can delete group", "content_type": 12}}, {"pk": 12, "model": "auth.permission", "fields": {"codename": "delete_message", "name": "Can delete message", "content_type": 14}}, {"pk": 3, "model": "auth.permission", "fields": {"codename": "delete_permission", "name": "Can delete permission", "content_type": 11}}, {"pk": 9, "model": "auth.permission", "fields": {"codename": "delete_user", "name": "Can delete user", "content_type": 13}}, {"pk": 22, "model": "auth.permission", "fields": {"codename": "add_taskmeta", "name": "Can add task meta", "content_type": 3}}, {"pk": 25, "model": "auth.permission", "fields": {"codename": "add_tasksetmeta", "name": "Can add taskset meta", "content_type": 4}}, {"pk": 23, "model": "auth.permission", "fields": {"codename": "change_taskmeta", "name": "Can change task meta", "content_type": 3}}, {"pk": 26, "model": "auth.permission", "fields": {"codename": "change_tasksetmeta", "name": "Can change taskset meta", "content_type": 4}}, {"pk": 24, "model": "auth.permission", "fields": {"codename": "delete_taskmeta", "name": "Can delete task meta", "content_type": 3}}, {"pk": 27, "model": "auth.permission", "fields": {"codename": "delete_tasksetmeta", "name": "Can delete taskset meta", "content_type": 4}}, {"pk": 13, "model": "auth.permission", "fields": {"codename": "add_contenttype", "name": "Can add content type", "content_type": 1}}, {"pk": 14, "model": "auth.permission", "fields": {"codename": "change_contenttype", "name": "Can change content type", "content_type": 1}}, {"pk": 15, "model": "auth.permission", "fields": {"codename": "delete_contenttype", "name": "Can delete content type", "content_type": 1}}, {"pk": 28, "model": "auth.permission", "fields": {"codename": "add_change", "name": "Can add change", "content_type": 5}}, {"pk": 29, "model": "auth.permission", "fields": {"codename": "change_change", "name": "Can change change", "content_type": 5}}, {"pk": 30, "model": "auth.permission", "fields": {"codename": "delete_change", "name": "Can delete change", "content_type": 5}}, {"pk": 16, "model": "auth.permission", "fields": {"codename": "add_session", "name": "Can add session", "content_type": 2}}, {"pk": 17, "model": "auth.permission", "fields": {"codename": "change_session", "name": "Can change session", "content_type": 2}}, {"pk": 18, "model": "auth.permission", "fields": {"codename": "delete_session", "name": "Can delete session", "content_type": 2}}, {"pk": 19, "model": "auth.permission", "fields": {"codename": "add_migrationhistory", "name": "Can add migration history", "content_type": 6}}, {"pk": 20, "model": "auth.permission", "fields": {"codename": "change_migrationhistory", "name": "Can change migration history", "content_type": 6}}, {"pk": 21, "model": "auth.permission", "fields": {"codename": "delete_migrationhistory", "name": "Can delete migration history", "content_type": 6}}, {"pk": 1, "model": "auth.user", "fields": {"username": "lfborjas", "first_name": "", "last_name": "", "is_active": true, "is_superuser": true, "is_staff": true, "last_login": "2010-06-01 17:01:46", "groups": [], "user_permissions": [], "password": "sha1$0e142$8215234dc675a10459e933016af072f77734bc67", "email": "lfborjas@unitec.edu", "date_joined": "2010-06-01 17:01:46"}}, {"pk": 3, "model": "auth.user", "fields": {"username": "hitler.edu", "first_name": "", "last_name": "", "is_active": true, "is_superuser": false, "is_staff": false, "last_login": "2010-06-02 14:01:55", "groups": [], "user_permissions": [], "password": "sha1$15ccb$2e2d151beb20628d2c64d2f4538ceb2d4243474d", "email": "lfborjas@hotmail.com", "date_joined": "2010-06-01 23:51:57"}}, {"pk": 4, "model": "auth.user", "fields": {"username": "temp.com", "first_name": "", "last_name": "", "is_active": true, "is_superuser": false, "is_staff": false, "last_login": "2010-06-02 01:44:13", "groups": [], "user_permissions": [], "password": "sha1$5505f$343e5cc4e98357ea4d1f2a9c50f48c905152aa5b", "email": "luis.borjas@escolarea.com", "date_joined": "2010-06-02 01:44:13"}}, {"pk": 2, "model": "auth.user", "fields": {"username": "raptors.org", "first_name": "", "last_name": "", "is_active": true, "is_superuser": false, "is_staff": false, "last_login": "2010-06-02 01:46:02", "groups": [], "user_permissions": [], "password": "sha1$20070$522d95f0f3e9549b0b764bcffbe5e108d5cbd33d", "email": "lfborjas@unitec.edu", "date_joined": "2010-06-01 18:39:04"}}, {"pk": 5, "model": "auth.user", "fields": {"username": "verdi.com", "first_name": "", "last_name": "", "is_active": true, "is_superuser": false, "is_staff": false, "last_login": "2010-06-02 01:50:35", "groups": [], "user_permissions": [], "password": "sha1$1ba78$5a7415b2fa562b6f4495bb1be3b1c9c61498cb86", "email": "luis.borjas@escolarea.com", "date_joined": "2010-06-02 01:48:39"}}, {"pk": 6, "model": "auth.user", "fields": {"username": "erase.me", "first_name": "", "last_name": "", "is_active": true, "is_superuser": false, "is_staff": false, "last_login": "2010-06-02 01:58:10", "groups": [], "user_permissions": [], "password": "sha1$ba5b8$bfd94ab3a06ad636db3570516520c20049482a2c", "email": "lfborjas@unitec.edu", "date_joined": "2010-06-02 01:58:10"}}, {"pk": 1, "model": "profile.clientapp", "fields": {"url": "lebrixen.com", "user": null}}, {"pk": 2, "model": "profile.clientapp", "fields": {"url": "chucknorris.com", "user": null}}, {"pk": 5, "model": "profile.clientapp", "fields": {"url": "escolarea.com", "user": null}}, {"pk": 6, "model": "profile.clientapp", "fields": {"url": "drscience.com", "user": null}}, {"pk": 7, "model": "profile.clientapp", "fields": {"url": "raptors.org", "user": 2}}, {"pk": 8, "model": "profile.clientapp", "fields": {"url": "hitler.edu", "user": 3}}, {"pk": 9, "model": "profile.clientapp", "fields": {"url": "temp.com", "user": 4}}, {"pk": 10, "model": "profile.clientapp", "fields": {"url": "verdi.com", "user": 5}}, {"pk": 11, "model": "profile.clientapp", "fields": {"url": "erase.me", "user": 6}}, {"pk": 2, "model": "profile.clientuser", "fields": {"info": "", "app": 1, "added": "2010-06-01", "clientName": "", "clientId": "testUser"}}, {"pk": 3, "model": "profile.clientuser", "fields": {"info": "", "app": 1, "added": "2010-06-01", "clientName": "", "clientId": "testUser1"}}, {"pk": 4, "model": "profile.clientuser", "fields": {"info": "", "app": 1, "added": "2010-06-01", "clientName": "", "clientId": "lalo"}}, {"pk": 5, "model": "profile.clientuser", "fields": {"info": "", "app": 2, "added": "2010-06-01", "clientName": "", "clientId": "testUser"}}, {"pk": 6, "model": "profile.clientuser", "fields": {"info": "", "app": 2, "added": "2010-06-01", "clientName": "", "clientId": "chuck"}}, {"pk": 7, "model": "profile.clientuser", "fields": {"info": "", "app": 1, "added": "2010-06-01", "clientName": "", "clientId": "chuck"}}, {"pk": 8, "model": "profile.clientuser", "fields": {"info": "", "app": 5, "added": "2010-06-01", "clientName": "", "clientId": "lfborjas"}}, {"pk": 9, "model": "profile.clientuser", "fields": {"info": "", "app": 2, "added": "2010-06-01", "clientName": "", "clientId": "lfborjas"}}, {"pk": 10, "model": "profile.clientuser", "fields": {"info": "", "app": 1, "added": "2010-06-01", "clientName": "", "clientId": "mittwoch"}}, {"pk": 11, "model": "profile.clientuser", "fields": {"info": "", "app": 1, "added": "2010-06-01", "clientName": "", "clientId": "mercredi"}}, {"pk": 12, "model": "profile.clientuser", "fields": {"info": "", "app": 1, "added": "2010-06-01", "clientName": "", "clientId": "testUser3"}}, {"pk": 13, "model": "profile.clientuser", "fields": {"info": "", "app": 1, "added": "2010-06-01", "clientName": "", "clientId": "direct"}}, {"pk": 14, "model": "profile.clientuser", "fields": {"info": "", "app": 1, "added": "2010-06-01", "clientName": "", "clientId": "prueba';"}}, {"pk": 15, "model": "profile.clientuser", "fields": {"info": "", "app": 1, "added": "2010-06-01", "clientName": "", "clientId": "prueba1"}}, {"pk": 16, "model": "profile.clientuser", "fields": {"info": "", "app": 6, "added": "2010-06-01", "clientName": "", "clientId": "user1"}}, {"pk": 17, "model": "profile.clientuser", "fields": {"info": "", "app": 6, "added": "2010-06-01", "clientName": "", "clientId": "user2"}}, {"pk": 18, "model": "profile.clientuser", "fields": {"info": "", "app": 6, "added": "2010-06-01", "clientName": "", "clientId": "user3"}}, {"pk": 19, "model": "profile.clientuser", "fields": {"info": "", "app": 6, "added": "2010-06-01", "clientName": "", "clientId": "user4"}}, {"pk": 20, "model": "profile.clientuser", "fields": {"info": "", "app": 6, "added": "2010-06-01", "clientName": "", "clientId": "user5"}}, {"pk": 21, "model": "profile.clientuser", "fields": {"info": "", "app": 6, "added": "2010-06-01", "clientName": "", "clientId": "user666"}}, {"pk": 22, "model": "profile.clientuser", "fields": {"info": "", "app": 7, "added": "2010-06-01", "clientName": "", "clientId": "utahraptor"}}, {"pk": 24, "model": "profile.clientuser", "fields": {"info": "", "app": 7, "added": "2010-06-01", "clientName": "", "clientId": "dromiceiomimus"}}, {"pk": 29, "model": "profile.clientuser", "fields": {"info": "", "app": 7, "added": "2010-06-01", "clientName": "", "clientId": "trex"}}, {"pk": 31, "model": "profile.clientuser", "fields": {"info": "", "app": 7, "added": "2010-06-01", "clientName": "", "clientId": "ryan"}}, {"pk": 32, "model": "profile.clientuser", "fields": {"info": "", "app": 7, "added": "2010-06-01", "clientName": "", "clientId": "joey"}}, {"pk": 41, "model": "profile.clientuser", "fields": {"info": "", "app": 7, "added": "2010-06-01", "clientName": "", "clientId": "dino"}}, {"pk": 42, "model": "profile.clientuser", "fields": {"info": "", "app": 7, "added": "2010-06-01", "clientName": "", "clientId": "letzen"}}, {"pk": 43, "model": "profile.clientuser", "fields": {"info": "", "app": 7, "added": "2010-06-01", "clientName": "", "clientId": "user"}}, {"pk": 44, "model": "profile.clientuser", "fields": {"info": "", "app": 7, "added": "2010-06-01", "clientName": "", "clientId": "new!"}}, {"pk": 45, "model": "profile.clientuser", "fields": {"info": "", "app": 8, "added": "2010-06-01", "clientName": "", "clientId": "adolf"}}, {"pk": 46, "model": "profile.clientuser", "fields": {"info": "", "app": 8, "added": "2010-06-01", "clientName": "", "clientId": "marie"}}, {"pk": 56, "model": "profile.clientuser", "fields": {"info": "", "app": 8, "added": "2010-06-02", "clientName": "", "clientId": "hans"}}, {"pk": 58, "model": "profile.clientuser", "fields": {"info": "", "app": 8, "added": "2010-06-02", "clientName": "", "clientId": "eins"}}, {"pk": 59, "model": "profile.clientuser", "fields": {"info": "", "app": 8, "added": "2010-06-02", "clientName": "", "clientId": "zwei"}}, {"pk": 62, "model": "profile.clientuser", "fields": {"info": "", "app": 8, "added": "2010-06-02", "clientName": "", "clientId": "vier"}}, {"pk": 63, "model": "profile.clientuser", "fields": {"info": "", "app": 8, "added": "2010-06-02", "clientName": "", "clientId": "drei"}}, {"pk": 66, "model": "profile.clientuser", "fields": {"info": "", "app": 10, "added": "2010-06-02", "clientName": "", "clientId": "giuseppe"}}, {"pk": 67, "model": "profile.clientuser", "fields": {"info": "", "app": 10, "added": "2010-06-02", "clientName": "", "clientId": "verdi"}}, {"pk": 71, "model": "profile.clientuser", "fields": {"info": "", "app": 8, "added": "2010-06-02", "clientName": "", "clientId": "pythonUser"}}, {"pk": 76, "model": "profile.clientuser", "fields": {"info": "", "app": 8, "added": "2010-06-02", "clientName": "", "clientId": "['tupleUser1', 'tupleUser2']"}}, {"pk": 77, "model": "profile.clientuser", "fields": {"info": "", "app": 8, "added": "2010-06-02", "clientName": "", "clientId": "imsoclever"}}, {"pk": 78, "model": "profile.clientuser", "fields": {"info": "", "app": 8, "added": "2010-06-02", "clientName": "", "clientId": "imsosmart"}}, {"pk": 62, "model": "profile.clientpreference", "fields": {"category": 6, "score": 4.5941441422100002, "user": 10}}, {"pk": 63, "model": "profile.clientpreference", "fields": {"category": 8, "score": 3.4533273278799999, "user": 10}}, {"pk": 64, "model": "profile.clientpreference", "fields": {"category": 9, "score": 3.29406171757, "user": 10}}, {"pk": 65, "model": "profile.clientpreference", "fields": {"category": 12, "score": 3.38923238885, "user": 10}}, {"pk": 66, "model": "profile.clientpreference", "fields": {"category": 18, "score": 4.3693243224799998, "user": 10}}, {"pk": 67, "model": "profile.clientpreference", "fields": {"category": 22, "score": 1.0, "user": 10}}, {"pk": 30, "model": "profile.clientpreference", "fields": {"category": 13, "score": 0.16307200020599999, "user": 2}}, {"pk": 1, "model": "profile.clientpreference", "fields": {"category": 1, "score": 0.0, "user": 2}}, {"pk": 2, "model": "profile.clientpreference", "fields": {"category": 4, "score": 0.19148808276199999, "user": 2}}, {"pk": 3, "model": "profile.clientpreference", "fields": {"category": 6, "score": 0.19481644824200001, "user": 2}}, {"pk": 4, "model": "profile.clientpreference", "fields": {"category": 8, "score": 4.3605176217999998e-08, "user": 2}}, {"pk": 5, "model": "profile.clientpreference", "fields": {"category": 9, "score": 0.998400063836, "user": 2}}, {"pk": 6, "model": "profile.clientpreference", "fields": {"category": 12, "score": 0.196416047841, "user": 2}}, {"pk": 7, "model": "profile.clientpreference", "fields": {"category": 14, "score": 5.9102823670399997e-13, "user": 2}}, {"pk": 8, "model": "profile.clientpreference", "fields": {"category": 16, "score": 5.5570463652799997e-13, "user": 2}}, {"pk": 9, "model": "profile.clientpreference", "fields": {"category": 18, "score": 0.96828357547999999, "user": 2}}, {"pk": 10, "model": "profile.clientpreference", "fields": {"category": 19, "score": 0.0, "user": 2}}, {"pk": 11, "model": "profile.clientpreference", "fields": {"category": 20, "score": 0.0, "user": 2}}, {"pk": 12, "model": "profile.clientpreference", "fields": {"category": 21, "score": 0.0, "user": 2}}, {"pk": 13, "model": "profile.clientpreference", "fields": {"category": 22, "score": 0.032000082051400001, "user": 2}}, {"pk": 14, "model": "profile.clientpreference", "fields": {"category": 5, "score": 0.00139725593459, "user": 2}}, {"pk": 15, "model": "profile.clientpreference", "fields": {"category": 15, "score": 0.80000001638600005, "user": 2}}, {"pk": 16, "model": "profile.clientpreference", "fields": {"category": 17, "score": 0.029760002576600001, "user": 2}}, {"pk": 17, "model": "profile.clientpreference", "fields": {"category": 4, "score": 0.0071497348458700004, "user": 3}}, {"pk": 18, "model": "profile.clientpreference", "fields": {"category": 5, "score": 0.0071412456066900004, "user": 3}}, {"pk": 19, "model": "profile.clientpreference", "fields": {"category": 6, "score": 0.0071507715785499998, "user": 3}}, {"pk": 20, "model": "profile.clientpreference", "fields": {"category": 9, "score": 1.0, "user": 3}}, {"pk": 21, "model": "profile.clientpreference", "fields": {"category": 12, "score": 1.0, "user": 3}}, {"pk": 22, "model": "profile.clientpreference", "fields": {"category": 18, "score": 0.93191489361699997, "user": 3}}, {"pk": 23, "model": "profile.clientpreference", "fields": {"category": 2, "score": 4.0959999999999999e-09, "user": 2}}, {"pk": 37, "model": "profile.clientpreference", "fields": {"category": 4, "score": 0.0071497348458700004, "user": 6}}, {"pk": 38, "model": "profile.clientpreference", "fields": {"category": 5, "score": 0.0071412456066900004, "user": 6}}, {"pk": 39, "model": "profile.clientpreference", "fields": {"category": 6, "score": 0.0071507715785499998, "user": 6}}, {"pk": 40, "model": "profile.clientpreference", "fields": {"category": 9, "score": 1.0, "user": 6}}, {"pk": 24, "model": "profile.clientpreference", "fields": {"category": 4, "score": 0.0071497348458700004, "user": 4}}, {"pk": 25, "model": "profile.clientpreference", "fields": {"category": 5, "score": 1.0, "user": 4}}, {"pk": 26, "model": "profile.clientpreference", "fields": {"category": 6, "score": 0.0071507715785499998, "user": 4}}, {"pk": 27, "model": "profile.clientpreference", "fields": {"category": 9, "score": 1.0, "user": 4}}, {"pk": 28, "model": "profile.clientpreference", "fields": {"category": 12, "score": 0.0071590427456299996, "user": 4}}, {"pk": 29, "model": "profile.clientpreference", "fields": {"category": 18, "score": 0.87446808510600005, "user": 4}}, {"pk": 41, "model": "profile.clientpreference", "fields": {"category": 12, "score": 0.0071590427456299996, "user": 6}}, {"pk": 42, "model": "profile.clientpreference", "fields": {"category": 18, "score": 0.653191489362, "user": 6}}, {"pk": 31, "model": "profile.clientpreference", "fields": {"category": 4, "score": 0.024861188926600001, "user": 5}}, {"pk": 32, "model": "profile.clientpreference", "fields": {"category": 5, "score": 0.00028564982426800001, "user": 5}}, {"pk": 33, "model": "profile.clientpreference", "fields": {"category": 6, "score": 0.026292449655100001, "user": 5}}, {"pk": 34, "model": "profile.clientpreference", "fields": {"category": 9, "score": 0.84278588817300004, "user": 5}}, {"pk": 35, "model": "profile.clientpreference", "fields": {"category": 12, "score": 0.027235018184299999, "user": 5}}, {"pk": 36, "model": "profile.clientpreference", "fields": {"category": 18, "score": 0.70561702127699999, "user": 5}}, {"pk": 43, "model": "profile.clientpreference", "fields": {"category": 17, "score": 0.22286993261900001, "user": 5}}, {"pk": 44, "model": "profile.clientpreference", "fields": {"category": 13, "score": 0.0034242237405, "user": 5}}, {"pk": 45, "model": "profile.clientpreference", "fields": {"category": 22, "score": 1.0, "user": 5}}, {"pk": 46, "model": "profile.clientpreference", "fields": {"category": 4, "score": 0.027295550767799999, "user": 9}}, {"pk": 47, "model": "profile.clientpreference", "fields": {"category": 6, "score": 0.029046440282399999, "user": 9}}, {"pk": 48, "model": "profile.clientpreference", "fields": {"category": 8, "score": 1.0, "user": 9}}, {"pk": 49, "model": "profile.clientpreference", "fields": {"category": 9, "score": 1.0, "user": 9}}, {"pk": 50, "model": "profile.clientpreference", "fields": {"category": 12, "score": 0.030225558907800001, "user": 9}}, {"pk": 51, "model": "profile.clientpreference", "fields": {"category": 17, "score": 0.028587415773199999, "user": 9}}, {"pk": 52, "model": "profile.clientpreference", "fields": {"category": 18, "score": 0.90000000000000002, "user": 9}}, {"pk": 53, "model": "profile.clientpreference", "fields": {"category": 22, "score": 0.030723213664, "user": 9}}, {"pk": 54, "model": "profile.clientpreference", "fields": {"category": 4, "score": 0.0126161445589, "user": 8}}, {"pk": 55, "model": "profile.clientpreference", "fields": {"category": 6, "score": 0.0075007730836999997, "user": 8}}, {"pk": 56, "model": "profile.clientpreference", "fields": {"category": 9, "score": 0.206832721478, "user": 8}}, {"pk": 57, "model": "profile.clientpreference", "fields": {"category": 12, "score": 0.20684758099799999, "user": 8}}, {"pk": 58, "model": "profile.clientpreference", "fields": {"category": 18, "score": 0.88595744680800004, "user": 8}}, {"pk": 59, "model": "profile.clientpreference", "fields": {"category": 22, "score": 0.014456905571399999, "user": 8}}, {"pk": 60, "model": "profile.clientpreference", "fields": {"category": 5, "score": 1.0, "user": 8}}, {"pk": 61, "model": "profile.clientpreference", "fields": {"category": 8, "score": 0.0086283426278199998, "user": 8}}, {"pk": 68, "model": "profile.clientpreference", "fields": {"category": 9, "score": 0.82335999999999998, "user": 11}}, {"pk": 69, "model": "profile.clientpreference", "fields": {"category": 18, "score": 0.55766808510699994, "user": 11}}, {"pk": 70, "model": "profile.clientpreference", "fields": {"category": 14, "score": 0.390656, "user": 11}}, {"pk": 71, "model": "profile.clientpreference", "fields": {"category": 12, "score": 0.0080000000000000002, "user": 11}}, {"pk": 72, "model": "profile.clientpreference", "fields": {"category": 4, "score": 0.0080000000000000002, "user": 11}}, {"pk": 73, "model": "profile.clientpreference", "fields": {"category": 5, "score": 0.038719999999999997, "user": 11}}, {"pk": 74, "model": "profile.clientpreference", "fields": {"category": 6, "score": 0.0080000000000000002, "user": 11}}]
